"0","task_1000 <- as_task_regr(dat, id = ""all_vars"", target = ""Target"")"
"0","res_nested <- resample(filtered_lm, task = task_1000, resampling = rdesc)"
"1","INFO  [14:27:54.927] [mlr3] Applying learner 'correlation.regr.lm' on task 'all_vars' (iter 1/100)"
"1","
"
"1","INFO  [14:27:54.981] [mlr3] Applying learner 'correlation.regr.lm' on task 'all_vars' (iter 2/100)"
"1","
"
"1","INFO  [14:27:55.031] [mlr3] Applying learner 'correlation.regr.lm' on task 'all_vars' (iter 3/100)"
"1","
"
"1","INFO  [14:27:55.081] [mlr3] Applying learner 'correlation.regr.lm' on task 'all_vars' (iter 4/100)"
"1","
"
"1","INFO  [14:27:55.158] [mlr3] Applying learner 'correlation.regr.lm' on task 'all_vars' (iter 5/100)"
"1","
"
"1","INFO  [14:27:55.221] [mlr3] Applying learner 'correlation.regr.lm' on task 'all_vars' (iter 6/100)"
"1","
"
"1","INFO  [14:27:55.272] [mlr3] Applying learner 'correlation.regr.lm' on task 'all_vars' (iter 7/100)"
"1","
"
"1","INFO  [14:27:55.321] [mlr3] Applying learner 'correlation.regr.lm' on task 'all_vars' (iter 8/100)"
"1","
"
"1","INFO  [14:27:55.381] [mlr3] Applying learner 'correlation.regr.lm' on task 'all_vars' (iter 9/100)"
"1","
"
"1","INFO  [14:27:55.432] [mlr3] Applying learner 'correlation.regr.lm' on task 'all_vars' (iter 10/100)"
"1","
"
"1","INFO  [14:27:55.479] [mlr3] Applying learner 'correlation.regr.lm' on task 'all_vars' (iter 11/100)"
"1","
"
"1","INFO  [14:27:55.542] [mlr3] Applying learner 'correlation.regr.lm' on task 'all_vars' (iter 12/100)"
"1","
"
"1","INFO  [14:27:55.590] [mlr3] Applying learner 'correlation.regr.lm' on task 'all_vars' (iter 13/100)"
"1","
"
"1","INFO  [14:27:55.638] [mlr3] Applying learner 'correlation.regr.lm' on task 'all_vars' (iter 14/100)"
"1","
"
"1","INFO  [14:27:55.685] [mlr3] Applying learner 'correlation.regr.lm' on task 'all_vars' (iter 15/100)"
"1","
"
"1","INFO  [14:27:55.733] [mlr3] Applying learner 'correlation.regr.lm' on task 'all_vars' (iter 16/100)"
"1","
"
"1","INFO  [14:27:55.797] [mlr3] Applying learner 'correlation.regr.lm' on task 'all_vars' (iter 17/100)"
"1","
"
"1","INFO  [14:27:55.849] [mlr3] Applying learner 'correlation.regr.lm' on task 'all_vars' (iter 18/100)"
"1","
"
"1","INFO  [14:27:55.896] [mlr3] Applying learner 'correlation.regr.lm' on task 'all_vars' (iter 19/100)"
"1","
"
"1","INFO  [14:27:55.943] [mlr3] Applying learner 'correlation.regr.lm' on task 'all_vars' (iter 20/100)"
"1","
"
"1","INFO  [14:27:56.003] [mlr3] Applying learner 'correlation.regr.lm' on task 'all_vars' (iter 21/100)"
"1","
"
"1","INFO  [14:27:56.063] [mlr3] Applying learner 'correlation.regr.lm' on task 'all_vars' (iter 22/100)"
"1","
"
"1","INFO  [14:27:56.122] [mlr3] Applying learner 'correlation.regr.lm' on task 'all_vars' (iter 23/100)"
"1","
"
"1","INFO  [14:27:56.171] [mlr3] Applying learner 'correlation.regr.lm' on task 'all_vars' (iter 24/100)"
"1","
"
"1","INFO  [14:27:56.296] [mlr3] Applying learner 'correlation.regr.lm' on task 'all_vars' (iter 25/100)"
"1","
"
"1","INFO  [14:27:56.425] [mlr3] Applying learner 'correlation.regr.lm' on task 'all_vars' (iter 26/100)"
"1","
"
"1","INFO  [14:27:56.541] [mlr3] Applying learner 'correlation.regr.lm' on task 'all_vars' (iter 27/100)"
"1","
"
"1","INFO  [14:27:56.662] [mlr3] Applying learner 'correlation.regr.lm' on task 'all_vars' (iter 28/100)"
"1","
"
"1","INFO  [14:27:56.720] [mlr3] Applying learner 'correlation.regr.lm' on task 'all_vars' (iter 29/100)"
"1","
"
"1","INFO  [14:27:56.774] [mlr3] Applying learner 'correlation.regr.lm' on task 'all_vars' (iter 30/100)"
"1","
"
"1","INFO  [14:27:56.824] [mlr3] Applying learner 'correlation.regr.lm' on task 'all_vars' (iter 31/100)"
"1","
"
"1","INFO  [14:27:56.878] [mlr3] Applying learner 'correlation.regr.lm' on task 'all_vars' (iter 32/100)"
"1","
"
"1","INFO  [14:27:56.970] [mlr3] Applying learner 'correlation.regr.lm' on task 'all_vars' (iter 33/100)"
"1","
"
"1","INFO  [14:27:57.034] [mlr3] Applying learner 'correlation.regr.lm' on task 'all_vars' (iter 34/100)"
"1","
"
"1","INFO  [14:27:57.163] [mlr3] Applying learner 'correlation.regr.lm' on task 'all_vars' (iter 35/100)"
"1","
"
"1","INFO  [14:27:57.265] [mlr3] Applying learner 'correlation.regr.lm' on task 'all_vars' (iter 36/100)"
"1","
"
"1","INFO  [14:27:57.324] [mlr3] Applying learner 'correlation.regr.lm' on task 'all_vars' (iter 37/100)"
"1","
"
"1","INFO  [14:27:57.394] [mlr3] Applying learner 'correlation.regr.lm' on task 'all_vars' (iter 38/100)"
"1","
"
"1","INFO  [14:27:57.447] [mlr3] Applying learner 'correlation.regr.lm' on task 'all_vars' (iter 39/100)"
"1","
"
"1","INFO  [14:27:57.497] [mlr3] Applying learner 'correlation.regr.lm' on task 'all_vars' (iter 40/100)"
"1","
"
"1","INFO  [14:27:57.546] [mlr3] Applying learner 'correlation.regr.lm' on task 'all_vars' (iter 41/100)"
"1","
"
"1","INFO  [14:27:57.595] [mlr3] Applying learner 'correlation.regr.lm' on task 'all_vars' (iter 42/100)"
"1","
"
"1","INFO  [14:27:57.721] [mlr3] Applying learner 'correlation.regr.lm' on task 'all_vars' (iter 43/100)"
"1","
"
"1","INFO  [14:27:57.773] [mlr3] Applying learner 'correlation.regr.lm' on task 'all_vars' (iter 44/100)"
"1","
"
"1","INFO  [14:27:57.821] [mlr3] Applying learner 'correlation.regr.lm' on task 'all_vars' (iter 45/100)"
"1","
"
"1","INFO  [14:27:57.873] [mlr3] Applying learner 'correlation.regr.lm' on task 'all_vars' (iter 46/100)"
"1","
"
"1","INFO  [14:27:57.931] [mlr3] Applying learner 'correlation.regr.lm' on task 'all_vars' (iter 47/100)"
"1","
"
"1","INFO  [14:27:57.988] [mlr3] Applying learner 'correlation.regr.lm' on task 'all_vars' (iter 48/100)"
"1","
"
"1","INFO  [14:27:58.065] [mlr3] Applying learner 'correlation.regr.lm' on task 'all_vars' (iter 49/100)"
"1","
"
"1","INFO  [14:27:58.118] [mlr3] Applying learner 'correlation.regr.lm' on task 'all_vars' (iter 50/100)"
"1","
"
"1","INFO  [14:27:58.170] [mlr3] Applying learner 'correlation.regr.lm' on task 'all_vars' (iter 51/100)"
"1","
"
"1","INFO  [14:27:58.231] [mlr3] Applying learner 'correlation.regr.lm' on task 'all_vars' (iter 52/100)"
"1","
"
"1","INFO  [14:27:58.288] [mlr3] Applying learner 'correlation.regr.lm' on task 'all_vars' (iter 53/100)"
"1","
"
"1","INFO  [14:27:58.356] [mlr3] Applying learner 'correlation.regr.lm' on task 'all_vars' (iter 54/100)"
"1","
"
"1","INFO  [14:27:58.418] [mlr3] Applying learner 'correlation.regr.lm' on task 'all_vars' (iter 55/100)"
"1","
"
"1","INFO  [14:27:58.473] [mlr3] Applying learner 'correlation.regr.lm' on task 'all_vars' (iter 56/100)"
"1","
"
"1","INFO  [14:27:58.550] [mlr3] Applying learner 'correlation.regr.lm' on task 'all_vars' (iter 57/100)"
"1","
"
"1","INFO  [14:27:58.599] [mlr3] Applying learner 'correlation.regr.lm' on task 'all_vars' (iter 58/100)"
"1","
"
"1","INFO  [14:27:58.672] [mlr3] Applying learner 'correlation.regr.lm' on task 'all_vars' (iter 59/100)"
"1","
"
"1","INFO  [14:27:58.746] [mlr3] Applying learner 'correlation.regr.lm' on task 'all_vars' (iter 60/100)"
"1","
"
"1","INFO  [14:27:58.799] [mlr3] Applying learner 'correlation.regr.lm' on task 'all_vars' (iter 61/100)"
"1","
"
"1","INFO  [14:27:58.853] [mlr3] Applying learner 'correlation.regr.lm' on task 'all_vars' (iter 62/100)"
"1","
"
"1","INFO  [14:27:58.905] [mlr3] Applying learner 'correlation.regr.lm' on task 'all_vars' (iter 63/100)"
"1","
"
"1","INFO  [14:27:58.953] [mlr3] Applying learner 'correlation.regr.lm' on task 'all_vars' (iter 64/100)"
"1","
"
"1","INFO  [14:27:59.021] [mlr3] Applying learner 'correlation.regr.lm' on task 'all_vars' (iter 65/100)"
"1","
"
"1","INFO  [14:27:59.101] [mlr3] Applying learner 'correlation.regr.lm' on task 'all_vars' (iter 66/100)"
"1","
"
"1","INFO  [14:27:59.157] [mlr3] Applying learner 'correlation.regr.lm' on task 'all_vars' (iter 67/100)"
"1","
"
"1","INFO  [14:27:59.227] [mlr3] Applying learner 'correlation.regr.lm' on task 'all_vars' (iter 68/100)"
"1","
"
"1","INFO  [14:27:59.275] [mlr3] Applying learner 'correlation.regr.lm' on task 'all_vars' (iter 69/100)"
"1","
"
"1","INFO  [14:27:59.337] [mlr3] Applying learner 'correlation.regr.lm' on task 'all_vars' (iter 70/100)"
"1","
"
"1","INFO  [14:27:59.409] [mlr3] Applying learner 'correlation.regr.lm' on task 'all_vars' (iter 71/100)"
"1","
"
"1","INFO  [14:27:59.464] [mlr3] Applying learner 'correlation.regr.lm' on task 'all_vars' (iter 72/100)"
"1","
"
"1","INFO  [14:27:59.514] [mlr3] Applying learner 'correlation.regr.lm' on task 'all_vars' (iter 73/100)"
"1","
"
"1","INFO  [14:27:59.564] [mlr3] Applying learner 'correlation.regr.lm' on task 'all_vars' (iter 74/100)"
"1","
"
"1","INFO  [14:27:59.612] [mlr3] Applying learner 'correlation.regr.lm' on task 'all_vars' (iter 75/100)"
"1","
"
"1","INFO  [14:27:59.664] [mlr3] Applying learner 'correlation.regr.lm' on task 'all_vars' (iter 76/100)"
"1","
"
"1","INFO  [14:27:59.739] [mlr3] Applying learner 'correlation.regr.lm' on task 'all_vars' (iter 77/100)"
"1","
"
"1","INFO  [14:27:59.789] [mlr3] Applying learner 'correlation.regr.lm' on task 'all_vars' (iter 78/100)"
"1","
"
"1","INFO  [14:27:59.837] [mlr3] Applying learner 'correlation.regr.lm' on task 'all_vars' (iter 79/100)"
"1","
"
"1","INFO  [14:27:59.885] [mlr3] Applying learner 'correlation.regr.lm' on task 'all_vars' (iter 80/100)"
"1","
"
"1","INFO  [14:27:59.932] [mlr3] Applying learner 'correlation.regr.lm' on task 'all_vars' (iter 81/100)"
"1","
"
"1","INFO  [14:27:59.999] [mlr3] Applying learner 'correlation.regr.lm' on task 'all_vars' (iter 82/100)"
"1","
"
"1","INFO  [14:28:00.052] [mlr3] Applying learner 'correlation.regr.lm' on task 'all_vars' (iter 83/100)"
"1","
"
"1","INFO  [14:28:00.102] [mlr3] Applying learner 'correlation.regr.lm' on task 'all_vars' (iter 84/100)"
"1","
"
"1","INFO  [14:28:00.155] [mlr3] Applying learner 'correlation.regr.lm' on task 'all_vars' (iter 85/100)"
"1","
"
"1","INFO  [14:28:00.206] [mlr3] Applying learner 'correlation.regr.lm' on task 'all_vars' (iter 86/100)"
"1","
"
"1","INFO  [14:28:00.268] [mlr3] Applying learner 'correlation.regr.lm' on task 'all_vars' (iter 87/100)"
"1","
"
"1","INFO  [14:28:00.344] [mlr3] Applying learner 'correlation.regr.lm' on task 'all_vars' (iter 88/100)"
"1","
"
"1","INFO  [14:28:00.393] [mlr3] Applying learner 'correlation.regr.lm' on task 'all_vars' (iter 89/100)"
"1","
"
"1","INFO  [14:28:00.442] [mlr3] Applying learner 'correlation.regr.lm' on task 'all_vars' (iter 90/100)"
"1","
"
"1","INFO  [14:28:00.490] [mlr3] Applying learner 'correlation.regr.lm' on task 'all_vars' (iter 91/100)"
"1","
"
"1","INFO  [14:28:00.538] [mlr3] Applying learner 'correlation.regr.lm' on task 'all_vars' (iter 92/100)"
"1","
"
"1","INFO  [14:28:00.606] [mlr3] Applying learner 'correlation.regr.lm' on task 'all_vars' (iter 93/100)"
"1","
"
"1","INFO  [14:28:00.685] [mlr3] Applying learner 'correlation.regr.lm' on task 'all_vars' (iter 94/100)"
"1","
"
"1","INFO  [14:28:00.755] [mlr3] Applying learner 'correlation.regr.lm' on task 'all_vars' (iter 95/100)"
"1","
"
"1","INFO  [14:28:00.805] [mlr3] Applying learner 'correlation.regr.lm' on task 'all_vars' (iter 96/100)"
"1","
"
"1","INFO  [14:28:00.853] [mlr3] Applying learner 'correlation.regr.lm' on task 'all_vars' (iter 97/100)"
"1","
"
"1","INFO  [14:28:00.903] [mlr3] Applying learner 'correlation.regr.lm' on task 'all_vars' (iter 98/100)"
"1","
"
"1","INFO  [14:28:00.975] [mlr3] Applying learner 'correlation.regr.lm' on task 'all_vars' (iter 99/100)"
"1","
"
"1","INFO  [14:28:01.031] [mlr3] Applying learner 'correlation.regr.lm' on task 'all_vars' (iter 100/100)"
"1","
"
